ID;LABEL;DICE
111716;WhiteMatter;0.7101227349175976
111716;GreyMatter;0.5745098075139132
111716;Hippocampus;0.0
111716;Amygdala;0.0
111716;Thalamus;0.0
105115;WhiteMatter;0.655061602342445
105115;GreyMatter;0.56982130521195
105115;Hippocampus;0.0
105115;Amygdala;0.0
105115;Thalamus;0.0
153025;WhiteMatter;0.37831595497675097
153025;GreyMatter;0.5277546948182747
153025;Hippocampus;0.0
153025;Amygdala;0.0
153025;Thalamus;0.0
138534;WhiteMatter;0.4306017453797329
138534;GreyMatter;0.5109468803867567
138534;Hippocampus;0.0
138534;Amygdala;0.0
138534;Thalamus;0.0
103111;WhiteMatter;0.6272636384327287
103111;GreyMatter;0.5476297991830295
103111;Hippocampus;0.0
103111;Amygdala;0.0
103111;Thalamus;0.0
136833;WhiteMatter;0.5726202943710437
136833;GreyMatter;0.5516283535791628
136833;Hippocampus;0.0
136833;Amygdala;0.0
136833;Thalamus;0.0
123117;WhiteMatter;0.38960568941825874
123117;GreyMatter;0.5084868596712057
123117;Hippocampus;0.0
123117;Amygdala;0.0
123117;Thalamus;0.0
118730;WhiteMatter;0.5073513933528768
118730;GreyMatter;0.5412257399850672
118730;Hippocampus;0.0
118730;Amygdala;0.0
118730;Thalamus;0.0
126325;WhiteMatter;0.6736415394412715
126325;GreyMatter;0.5664581048601435
126325;Hippocampus;0.0
126325;Amygdala;0.0
126325;Thalamus;0.0
110411;WhiteMatter;0.7077528252633046
110411;GreyMatter;0.5576083362820284
110411;Hippocampus;0.0
110411;Amygdala;0.0
110411;Thalamus;0.0
101915;WhiteMatter;0.710196431671147
101915;GreyMatter;0.5948176603403028
101915;Hippocampus;0.0
101915;Amygdala;0.0
101915;Thalamus;0.0
111312;WhiteMatter;0.6102399177616963
111312;GreyMatter;0.5628871632580035
111312;Hippocampus;0.0
111312;Amygdala;0.0
111312;Thalamus;0.0
139637;WhiteMatter;0.6085553669752447
139637;GreyMatter;0.5491099594730079
139637;Hippocampus;0.0
139637;Amygdala;0.0
139637;Thalamus;0.0
105014;WhiteMatter;0.5665318870374947
105014;GreyMatter;0.5406089060189146
105014;Hippocampus;0.0
105014;Amygdala;0.0
105014;Thalamus;0.0
127630;WhiteMatter;0.6057460833698968
127630;GreyMatter;0.5618687950841281
127630;Hippocampus;0.0
127630;Amygdala;0.0
127630;Thalamus;0.0
111716-PP;WhiteMatter;0.7101227349175976
111716-PP;GreyMatter;0.5745098075139132
111716-PP;Hippocampus;0.0
111716-PP;Amygdala;0.0
111716-PP;Thalamus;0.0
105115-PP;WhiteMatter;0.655061602342445
105115-PP;GreyMatter;0.56982130521195
105115-PP;Hippocampus;0.0
105115-PP;Amygdala;0.0
105115-PP;Thalamus;0.0
153025-PP;WhiteMatter;0.37831595497675097
153025-PP;GreyMatter;0.5277546948182747
153025-PP;Hippocampus;0.0
153025-PP;Amygdala;0.0
153025-PP;Thalamus;0.0
138534-PP;WhiteMatter;0.4306017453797329
138534-PP;GreyMatter;0.5109468803867567
138534-PP;Hippocampus;0.0
138534-PP;Amygdala;0.0
138534-PP;Thalamus;0.0
103111-PP;WhiteMatter;0.6272636384327287
103111-PP;GreyMatter;0.5476297991830295
103111-PP;Hippocampus;0.0
103111-PP;Amygdala;0.0
103111-PP;Thalamus;0.0
136833-PP;WhiteMatter;0.5726202943710437
136833-PP;GreyMatter;0.5516283535791628
136833-PP;Hippocampus;0.0
136833-PP;Amygdala;0.0
136833-PP;Thalamus;0.0
123117-PP;WhiteMatter;0.38960568941825874
123117-PP;GreyMatter;0.5084868596712057
123117-PP;Hippocampus;0.0
123117-PP;Amygdala;0.0
123117-PP;Thalamus;0.0
118730-PP;WhiteMatter;0.5073513933528768
118730-PP;GreyMatter;0.5412257399850672
118730-PP;Hippocampus;0.0
118730-PP;Amygdala;0.0
118730-PP;Thalamus;0.0
126325-PP;WhiteMatter;0.6736415394412715
126325-PP;GreyMatter;0.5664581048601435
126325-PP;Hippocampus;0.0
126325-PP;Amygdala;0.0
126325-PP;Thalamus;0.0
110411-PP;WhiteMatter;0.7077528252633046
110411-PP;GreyMatter;0.5576083362820284
110411-PP;Hippocampus;0.0
110411-PP;Amygdala;0.0
110411-PP;Thalamus;0.0
101915-PP;WhiteMatter;0.710196431671147
101915-PP;GreyMatter;0.5948176603403028
101915-PP;Hippocampus;0.0
101915-PP;Amygdala;0.0
101915-PP;Thalamus;0.0
111312-PP;WhiteMatter;0.6102399177616963
111312-PP;GreyMatter;0.5628871632580035
111312-PP;Hippocampus;0.0
111312-PP;Amygdala;0.0
111312-PP;Thalamus;0.0
139637-PP;WhiteMatter;0.6085553669752447
139637-PP;GreyMatter;0.5491099594730079
139637-PP;Hippocampus;0.0
139637-PP;Amygdala;0.0
139637-PP;Thalamus;0.0
105014-PP;WhiteMatter;0.5665318870374947
105014-PP;GreyMatter;0.5406089060189146
105014-PP;Hippocampus;0.0
105014-PP;Amygdala;0.0
105014-PP;Thalamus;0.0
127630-PP;WhiteMatter;0.6057460833698968
127630-PP;GreyMatter;0.5618687950841281
127630-PP;Hippocampus;0.0
127630-PP;Amygdala;0.0
127630-PP;Thalamus;0.0
